specialization_id,competency_id,relevance_description
1,1,Предлагаемая применимость; не обязательная программа грейда
1,4,Предлагаемая применимость; не обязательная программа грейда
1,6,Предлагаемая применимость; не обязательная программа грейда
1,7,Предлагаемая применимость; не обязательная программа грейда
1,8,Предлагаемая применимость; не обязательная программа грейда
1,9,Предлагаемая применимость; не обязательная программа грейда
1,10,Предлагаемая применимость; не обязательная программа грейда
1,16,Предлагаемая применимость; не обязательная программа грейда
1,17,Предлагаемая применимость; не обязательная программа грейда
1,18,Предлагаемая применимость; не обязательная программа грейда
1,22,Предлагаемая применимость; не обязательная программа грейда
2,1,Предлагаемая применимость; не обязательная программа грейда
2,4,Предлагаемая применимость; не обязательная программа грейда
2,11,Предлагаемая применимость; не обязательная программа грейда
2,12,Предлагаемая применимость; не обязательная программа грейда
2,13,Предлагаемая применимость; не обязательная программа грейда
2,14,Предлагаемая применимость; не обязательная программа грейда
2,22,Предлагаемая применимость; не обязательная программа грейда
3,1,Предлагаемая применимость; не обязательная программа грейда
3,4,Предлагаемая применимость; не обязательная программа грейда
3,6,Предлагаемая применимость; не обязательная программа грейда
3,7,Предлагаемая применимость; не обязательная программа грейда
3,8,Предлагаемая применимость; не обязательная программа грейда
3,10,Предлагаемая применимость; не обязательная программа грейда
3,16,Предлагаемая применимость; не обязательная программа грейда
3,17,Предлагаемая применимость; не обязательная программа грейда
3,18,Предлагаемая применимость; не обязательная программа грейда
3,11,Предлагаемая применимость; не обязательная программа грейда
3,12,Предлагаемая применимость; не обязательная программа грейда
3,13,Предлагаемая применимость; не обязательная программа грейда
3,14,Предлагаемая применимость; не обязательная программа грейда
3,22,Предлагаемая применимость; не обязательная программа грейда
4,1,Предлагаемая применимость; не обязательная программа грейда
4,6,Предлагаемая применимость; не обязательная программа грейда
4,8,Предлагаемая применимость; не обязательная программа грейда
4,9,Предлагаемая применимость; не обязательная программа грейда
4,18,Предлагаемая применимость; не обязательная программа грейда
4,22,Предлагаемая применимость; не обязательная программа грейда
5,1,Предлагаемая применимость; не обязательная программа грейда
5,2,Предлагаемая применимость; не обязательная программа грейда
5,3,Предлагаемая применимость; не обязательная программа грейда
5,4,Предлагаемая применимость; не обязательная программа грейда
5,5,Предлагаемая применимость; не обязательная программа грейда
5,11,Предлагаемая применимость; не обязательная программа грейда
5,12,Предлагаемая применимость; не обязательная программа грейда
5,13,Предлагаемая применимость; не обязательная программа грейда
5,14,Предлагаемая применимость; не обязательная программа грейда
5,15,Предлагаемая применимость; не обязательная программа грейда
5,21,Предлагаемая применимость; не обязательная программа грейда
5,22,Предлагаемая применимость; не обязательная программа грейда
5,23,Предлагаемая применимость; не обязательная программа грейда
5,24,Предлагаемая применимость; не обязательная программа грейда
5,25,Предлагаемая применимость; не обязательная программа грейда
5,55,Предлагаемая применимость; не обязательная программа грейда
5,56,Предлагаемая применимость; не обязательная программа грейда
5,57,Предлагаемая применимость; не обязательная программа грейда
5,58,Предлагаемая применимость; не обязательная программа грейда
6,1,Предлагаемая применимость; не обязательная программа грейда
6,2,Предлагаемая применимость; не обязательная программа грейда
6,3,Предлагаемая применимость; не обязательная программа грейда
6,4,Предлагаемая применимость; не обязательная программа грейда
6,5,Предлагаемая применимость; не обязательная программа грейда
6,11,Предлагаемая применимость; не обязательная программа грейда
6,12,Предлагаемая применимость; не обязательная программа грейда
6,13,Предлагаемая применимость; не обязательная программа грейда
6,14,Предлагаемая применимость; не обязательная программа грейда
6,15,Предлагаемая применимость; не обязательная программа грейда
6,21,Предлагаемая применимость; не обязательная программа грейда
6,22,Предлагаемая применимость; не обязательная программа грейда
6,23,Предлагаемая применимость; не обязательная программа грейда
6,24,Предлагаемая применимость; не обязательная программа грейда
6,25,Предлагаемая применимость; не обязательная программа грейда
6,55,Предлагаемая применимость; не обязательная программа грейда
6,56,Предлагаемая применимость; не обязательная программа грейда
6,57,Предлагаемая применимость; не обязательная программа грейда
6,58,Предлагаемая применимость; не обязательная программа грейда
7,1,Предлагаемая применимость; не обязательная программа грейда
7,2,Предлагаемая применимость; не обязательная программа грейда
7,3,Предлагаемая применимость; не обязательная программа грейда
7,4,Предлагаемая применимость; не обязательная программа грейда
7,5,Предлагаемая применимость; не обязательная программа грейда
7,11,Предлагаемая применимость; не обязательная программа грейда
7,12,Предлагаемая применимость; не обязательная программа грейда
7,13,Предлагаемая применимость; не обязательная программа грейда
7,14,Предлагаемая применимость; не обязательная программа грейда
7,15,Предлагаемая применимость; не обязательная программа грейда
7,21,Предлагаемая применимость; не обязательная программа грейда
7,22,Предлагаемая применимость; не обязательная программа грейда
7,23,Предлагаемая применимость; не обязательная программа грейда
7,24,Предлагаемая применимость; не обязательная программа грейда
7,25,Предлагаемая применимость; не обязательная программа грейда
7,55,Предлагаемая применимость; не обязательная программа грейда
7,56,Предлагаемая применимость; не обязательная программа грейда
7,57,Предлагаемая применимость; не обязательная программа грейда
7,58,Предлагаемая применимость; не обязательная программа грейда
8,1,Предлагаемая применимость; не обязательная программа грейда
8,2,Предлагаемая применимость; не обязательная программа грейда
8,3,Предлагаемая применимость; не обязательная программа грейда
8,4,Предлагаемая применимость; не обязательная программа грейда
8,5,Предлагаемая применимость; не обязательная программа грейда
8,11,Предлагаемая применимость; не обязательная программа грейда
8,12,Предлагаемая применимость; не обязательная программа грейда
8,13,Предлагаемая применимость; не обязательная программа грейда
8,14,Предлагаемая применимость; не обязательная программа грейда
8,15,Предлагаемая применимость; не обязательная программа грейда
8,21,Предлагаемая применимость; не обязательная программа грейда
8,22,Предлагаемая применимость; не обязательная программа грейда
8,23,Предлагаемая применимость; не обязательная программа грейда
8,24,Предлагаемая применимость; не обязательная программа грейда
8,25,Предлагаемая применимость; не обязательная программа грейда
8,55,Предлагаемая применимость; не обязательная программа грейда
8,56,Предлагаемая применимость; не обязательная программа грейда
8,57,Предлагаемая применимость; не обязательная программа грейда
8,58,Предлагаемая применимость; не обязательная программа грейда
9,1,Предлагаемая применимость; не обязательная программа грейда
9,2,Предлагаемая применимость; не обязательная программа грейда
9,3,Предлагаемая применимость; не обязательная программа грейда
9,4,Предлагаемая применимость; не обязательная программа грейда
9,5,Предлагаемая применимость; не обязательная программа грейда
9,6,Предлагаемая применимость; не обязательная программа грейда
9,7,Предлагаемая применимость; не обязательная программа грейда
9,8,Предлагаемая применимость; не обязательная программа грейда
9,9,Предлагаемая применимость; не обязательная программа грейда
9,10,Предлагаемая применимость; не обязательная программа грейда
9,16,Предлагаемая применимость; не обязательная программа грейда
9,17,Предлагаемая применимость; не обязательная программа грейда
9,18,Предлагаемая применимость; не обязательная программа грейда
9,19,Предлагаемая применимость; не обязательная программа грейда
9,20,Предлагаемая применимость; не обязательная программа грейда
9,47,Предлагаемая применимость; не обязательная программа грейда
9,48,Предлагаемая применимость; не обязательная программа грейда
9,49,Предлагаемая применимость; не обязательная программа грейда
9,50,Предлагаемая применимость; не обязательная программа грейда
9,59,Предлагаемая применимость; не обязательная программа грейда
9,60,Предлагаемая применимость; не обязательная программа грейда
9,61,Предлагаемая применимость; не обязательная программа грейда
10,1,Предлагаемая применимость; не обязательная программа грейда
10,2,Предлагаемая применимость; не обязательная программа грейда
10,3,Предлагаемая применимость; не обязательная программа грейда
10,4,Предлагаемая применимость; не обязательная программа грейда
10,5,Предлагаемая применимость; не обязательная программа грейда
10,6,Предлагаемая применимость; не обязательная программа грейда
10,7,Предлагаемая применимость; не обязательная программа грейда
10,8,Предлагаемая применимость; не обязательная программа грейда
10,9,Предлагаемая применимость; не обязательная программа грейда
10,10,Предлагаемая применимость; не обязательная программа грейда
10,16,Предлагаемая применимость; не обязательная программа грейда
10,17,Предлагаемая применимость; не обязательная программа грейда
10,18,Предлагаемая применимость; не обязательная программа грейда
10,19,Предлагаемая применимость; не обязательная программа грейда
10,20,Предлагаемая применимость; не обязательная программа грейда
10,47,Предлагаемая применимость; не обязательная программа грейда
10,48,Предлагаемая применимость; не обязательная программа грейда
10,49,Предлагаемая применимость; не обязательная программа грейда
10,50,Предлагаемая применимость; не обязательная программа грейда
10,59,Предлагаемая применимость; не обязательная программа грейда
10,60,Предлагаемая применимость; не обязательная программа грейда
10,61,Предлагаемая применимость; не обязательная программа грейда
11,1,Предлагаемая применимость; не обязательная программа грейда
11,2,Предлагаемая применимость; не обязательная программа грейда
11,3,Предлагаемая применимость; не обязательная программа грейда
11,4,Предлагаемая применимость; не обязательная программа грейда
11,5,Предлагаемая применимость; не обязательная программа грейда
11,6,Предлагаемая применимость; не обязательная программа грейда
11,7,Предлагаемая применимость; не обязательная программа грейда
11,8,Предлагаемая применимость; не обязательная программа грейда
11,9,Предлагаемая применимость; не обязательная программа грейда
11,10,Предлагаемая применимость; не обязательная программа грейда
11,16,Предлагаемая применимость; не обязательная программа грейда
11,17,Предлагаемая применимость; не обязательная программа грейда
11,18,Предлагаемая применимость; не обязательная программа грейда
11,19,Предлагаемая применимость; не обязательная программа грейда
11,20,Предлагаемая применимость; не обязательная программа грейда
11,47,Предлагаемая применимость; не обязательная программа грейда
11,48,Предлагаемая применимость; не обязательная программа грейда
11,49,Предлагаемая применимость; не обязательная программа грейда
11,50,Предлагаемая применимость; не обязательная программа грейда
11,59,Предлагаемая применимость; не обязательная программа грейда
11,60,Предлагаемая применимость; не обязательная программа грейда
11,61,Предлагаемая применимость; не обязательная программа грейда
12,1,Предлагаемая применимость; не обязательная программа грейда
12,2,Предлагаемая применимость; не обязательная программа грейда
12,3,Предлагаемая применимость; не обязательная программа грейда
12,4,Предлагаемая применимость; не обязательная программа грейда
12,5,Предлагаемая применимость; не обязательная программа грейда
12,6,Предлагаемая применимость; не обязательная программа грейда
12,7,Предлагаемая применимость; не обязательная программа грейда
12,8,Предлагаемая применимость; не обязательная программа грейда
12,9,Предлагаемая применимость; не обязательная программа грейда
12,10,Предлагаемая применимость; не обязательная программа грейда
12,16,Предлагаемая применимость; не обязательная программа грейда
12,17,Предлагаемая применимость; не обязательная программа грейда
12,18,Предлагаемая применимость; не обязательная программа грейда
12,19,Предлагаемая применимость; не обязательная программа грейда
12,20,Предлагаемая применимость; не обязательная программа грейда
12,47,Предлагаемая применимость; не обязательная программа грейда
12,48,Предлагаемая применимость; не обязательная программа грейда
12,49,Предлагаемая применимость; не обязательная программа грейда
12,50,Предлагаемая применимость; не обязательная программа грейда
12,59,Предлагаемая применимость; не обязательная программа грейда
12,60,Предлагаемая применимость; не обязательная программа грейда
12,61,Предлагаемая применимость; не обязательная программа грейда
13,1,Предлагаемая применимость; не обязательная программа грейда
13,2,Предлагаемая применимость; не обязательная программа грейда
13,3,Предлагаемая применимость; не обязательная программа грейда
13,4,Предлагаемая применимость; не обязательная программа грейда
13,5,Предлагаемая применимость; не обязательная программа грейда
13,6,Предлагаемая применимость; не обязательная программа грейда
13,7,Предлагаемая применимость; не обязательная программа грейда
13,8,Предлагаемая применимость; не обязательная программа грейда
13,9,Предлагаемая применимость; не обязательная программа грейда
13,10,Предлагаемая применимость; не обязательная программа грейда
13,16,Предлагаемая применимость; не обязательная программа грейда
13,17,Предлагаемая применимость; не обязательная программа грейда
13,18,Предлагаемая применимость; не обязательная программа грейда
13,19,Предлагаемая применимость; не обязательная программа грейда
13,20,Предлагаемая применимость; не обязательная программа грейда
13,47,Предлагаемая применимость; не обязательная программа грейда
13,48,Предлагаемая применимость; не обязательная программа грейда
13,49,Предлагаемая применимость; не обязательная программа грейда
13,50,Предлагаемая применимость; не обязательная программа грейда
13,59,Предлагаемая применимость; не обязательная программа грейда
13,60,Предлагаемая применимость; не обязательная программа грейда
13,61,Предлагаемая применимость; не обязательная программа грейда
14,1,Предлагаемая применимость; не обязательная программа грейда
14,2,Предлагаемая применимость; не обязательная программа грейда
14,3,Предлагаемая применимость; не обязательная программа грейда
14,4,Предлагаемая применимость; не обязательная программа грейда
14,5,Предлагаемая применимость; не обязательная программа грейда
14,6,Предлагаемая применимость; не обязательная программа грейда
14,7,Предлагаемая применимость; не обязательная программа грейда
14,8,Предлагаемая применимость; не обязательная программа грейда
14,9,Предлагаемая применимость; не обязательная программа грейда
14,10,Предлагаемая применимость; не обязательная программа грейда
14,16,Предлагаемая применимость; не обязательная программа грейда
14,17,Предлагаемая применимость; не обязательная программа грейда
14,18,Предлагаемая применимость; не обязательная программа грейда
14,19,Предлагаемая применимость; не обязательная программа грейда
14,20,Предлагаемая применимость; не обязательная программа грейда
14,47,Предлагаемая применимость; не обязательная программа грейда
14,48,Предлагаемая применимость; не обязательная программа грейда
14,49,Предлагаемая применимость; не обязательная программа грейда
14,50,Предлагаемая применимость; не обязательная программа грейда
14,59,Предлагаемая применимость; не обязательная программа грейда
14,60,Предлагаемая применимость; не обязательная программа грейда
14,61,Предлагаемая применимость; не обязательная программа грейда
15,1,Предлагаемая применимость; не обязательная программа грейда
15,2,Предлагаемая применимость; не обязательная программа грейда
15,3,Предлагаемая применимость; не обязательная программа грейда
15,4,Предлагаемая применимость; не обязательная программа грейда
15,5,Предлагаемая применимость; не обязательная программа грейда
15,11,Предлагаемая применимость; не обязательная программа грейда
15,12,Предлагаемая применимость; не обязательная программа грейда
15,13,Предлагаемая применимость; не обязательная программа грейда
15,14,Предлагаемая применимость; не обязательная программа грейда
15,15,Предлагаемая применимость; не обязательная программа грейда
15,21,Предлагаемая применимость; не обязательная программа грейда
15,22,Предлагаемая применимость; не обязательная программа грейда
15,23,Предлагаемая применимость; не обязательная программа грейда
15,24,Предлагаемая применимость; не обязательная программа грейда
15,25,Предлагаемая применимость; не обязательная программа грейда
15,55,Предлагаемая применимость; не обязательная программа грейда
15,56,Предлагаемая применимость; не обязательная программа грейда
15,57,Предлагаемая применимость; не обязательная программа грейда
15,58,Предлагаемая применимость; не обязательная программа грейда
16,1,Предлагаемая применимость; не обязательная программа грейда
16,2,Предлагаемая применимость; не обязательная программа грейда
16,3,Предлагаемая применимость; не обязательная программа грейда
16,4,Предлагаемая применимость; не обязательная программа грейда
16,5,Предлагаемая применимость; не обязательная программа грейда
16,11,Предлагаемая применимость; не обязательная программа грейда
16,12,Предлагаемая применимость; не обязательная программа грейда
16,13,Предлагаемая применимость; не обязательная программа грейда
16,14,Предлагаемая применимость; не обязательная программа грейда
16,15,Предлагаемая применимость; не обязательная программа грейда
16,21,Предлагаемая применимость; не обязательная программа грейда
16,22,Предлагаемая применимость; не обязательная программа грейда
16,23,Предлагаемая применимость; не обязательная программа грейда
16,24,Предлагаемая применимость; не обязательная программа грейда
16,25,Предлагаемая применимость; не обязательная программа грейда
16,55,Предлагаемая применимость; не обязательная программа грейда
16,56,Предлагаемая применимость; не обязательная программа грейда
16,57,Предлагаемая применимость; не обязательная программа грейда
16,58,Предлагаемая применимость; не обязательная программа грейда
17,1,Предлагаемая применимость; не обязательная программа грейда
17,2,Предлагаемая применимость; не обязательная программа грейда
17,3,Предлагаемая применимость; не обязательная программа грейда
17,4,Предлагаемая применимость; не обязательная программа грейда
17,5,Предлагаемая применимость; не обязательная программа грейда
17,11,Предлагаемая применимость; не обязательная программа грейда
17,12,Предлагаемая применимость; не обязательная программа грейда
17,13,Предлагаемая применимость; не обязательная программа грейда
17,14,Предлагаемая применимость; не обязательная программа грейда
17,15,Предлагаемая применимость; не обязательная программа грейда
17,21,Предлагаемая применимость; не обязательная программа грейда
17,22,Предлагаемая применимость; не обязательная программа грейда
17,23,Предлагаемая применимость; не обязательная программа грейда
17,24,Предлагаемая применимость; не обязательная программа грейда
17,25,Предлагаемая применимость; не обязательная программа грейда
17,55,Предлагаемая применимость; не обязательная программа грейда
17,56,Предлагаемая применимость; не обязательная программа грейда
17,57,Предлагаемая применимость; не обязательная программа грейда
17,58,Предлагаемая применимость; не обязательная программа грейда
18,1,Предлагаемая применимость; не обязательная программа грейда
18,2,Предлагаемая применимость; не обязательная программа грейда
18,3,Предлагаемая применимость; не обязательная программа грейда
18,4,Предлагаемая применимость; не обязательная программа грейда
18,5,Предлагаемая применимость; не обязательная программа грейда
18,11,Предлагаемая применимость; не обязательная программа грейда
18,12,Предлагаемая применимость; не обязательная программа грейда
18,13,Предлагаемая применимость; не обязательная программа грейда
18,14,Предлагаемая применимость; не обязательная программа грейда
18,15,Предлагаемая применимость; не обязательная программа грейда
18,21,Предлагаемая применимость; не обязательная программа грейда
18,22,Предлагаемая применимость; не обязательная программа грейда
18,23,Предлагаемая применимость; не обязательная программа грейда
18,24,Предлагаемая применимость; не обязательная программа грейда
18,25,Предлагаемая применимость; не обязательная программа грейда
18,55,Предлагаемая применимость; не обязательная программа грейда
18,56,Предлагаемая применимость; не обязательная программа грейда
18,57,Предлагаемая применимость; не обязательная программа грейда
18,58,Предлагаемая применимость; не обязательная программа грейда
19,1,Предлагаемая применимость; не обязательная программа грейда
19,2,Предлагаемая применимость; не обязательная программа грейда
19,3,Предлагаемая применимость; не обязательная программа грейда
19,4,Предлагаемая применимость; не обязательная программа грейда
19,5,Предлагаемая применимость; не обязательная программа грейда
19,11,Предлагаемая применимость; не обязательная программа грейда
19,12,Предлагаемая применимость; не обязательная программа грейда
19,13,Предлагаемая применимость; не обязательная программа грейда
19,14,Предлагаемая применимость; не обязательная программа грейда
19,15,Предлагаемая применимость; не обязательная программа грейда
19,21,Предлагаемая применимость; не обязательная программа грейда
19,22,Предлагаемая применимость; не обязательная программа грейда
19,23,Предлагаемая применимость; не обязательная программа грейда
19,24,Предлагаемая применимость; не обязательная программа грейда
19,25,Предлагаемая применимость; не обязательная программа грейда
19,55,Предлагаемая применимость; не обязательная программа грейда
19,56,Предлагаемая применимость; не обязательная программа грейда
19,57,Предлагаемая применимость; не обязательная программа грейда
19,58,Предлагаемая применимость; не обязательная программа грейда
20,1,Предлагаемая применимость; не обязательная программа грейда
20,2,Предлагаемая применимость; не обязательная программа грейда
20,3,Предлагаемая применимость; не обязательная программа грейда
20,4,Предлагаемая применимость; не обязательная программа грейда
20,5,Предлагаемая применимость; не обязательная программа грейда
20,11,Предлагаемая применимость; не обязательная программа грейда
20,12,Предлагаемая применимость; не обязательная программа грейда
20,13,Предлагаемая применимость; не обязательная программа грейда
20,14,Предлагаемая применимость; не обязательная программа грейда
20,15,Предлагаемая применимость; не обязательная программа грейда
20,21,Предлагаемая применимость; не обязательная программа грейда
20,22,Предлагаемая применимость; не обязательная программа грейда
20,23,Предлагаемая применимость; не обязательная программа грейда
20,24,Предлагаемая применимость; не обязательная программа грейда
20,25,Предлагаемая применимость; не обязательная программа грейда
20,55,Предлагаемая применимость; не обязательная программа грейда
20,56,Предлагаемая применимость; не обязательная программа грейда
20,57,Предлагаемая применимость; не обязательная программа грейда
20,58,Предлагаемая применимость; не обязательная программа грейда
21,1,Предлагаемая применимость; не обязательная программа грейда
21,2,Предлагаемая применимость; не обязательная программа грейда
21,3,Предлагаемая применимость; не обязательная программа грейда
21,4,Предлагаемая применимость; не обязательная программа грейда
21,5,Предлагаемая применимость; не обязательная программа грейда
21,11,Предлагаемая применимость; не обязательная программа грейда
21,12,Предлагаемая применимость; не обязательная программа грейда
21,13,Предлагаемая применимость; не обязательная программа грейда
21,14,Предлагаемая применимость; не обязательная программа грейда
21,15,Предлагаемая применимость; не обязательная программа грейда
21,21,Предлагаемая применимость; не обязательная программа грейда
21,22,Предлагаемая применимость; не обязательная программа грейда
21,23,Предлагаемая применимость; не обязательная программа грейда
21,24,Предлагаемая применимость; не обязательная программа грейда
21,25,Предлагаемая применимость; не обязательная программа грейда
21,55,Предлагаемая применимость; не обязательная программа грейда
21,56,Предлагаемая применимость; не обязательная программа грейда
21,57,Предлагаемая применимость; не обязательная программа грейда
21,58,Предлагаемая применимость; не обязательная программа грейда
22,1,Предлагаемая применимость; не обязательная программа грейда
22,2,Предлагаемая применимость; не обязательная программа грейда
22,3,Предлагаемая применимость; не обязательная программа грейда
22,4,Предлагаемая применимость; не обязательная программа грейда
22,5,Предлагаемая применимость; не обязательная программа грейда
22,26,Предлагаемая применимость; не обязательная программа грейда
22,27,Предлагаемая применимость; не обязательная программа грейда
22,28,Предлагаемая применимость; не обязательная программа грейда
22,29,Предлагаемая применимость; не обязательная программа грейда
22,30,Предлагаемая применимость; не обязательная программа грейда
22,31,Предлагаемая применимость; не обязательная программа грейда
22,32,Предлагаемая применимость; не обязательная программа грейда
22,33,Предлагаемая применимость; не обязательная программа грейда
22,55,Предлагаемая применимость; не обязательная программа грейда
22,56,Предлагаемая применимость; не обязательная программа грейда
22,57,Предлагаемая применимость; не обязательная программа грейда
22,58,Предлагаемая применимость; не обязательная программа грейда
23,1,Предлагаемая применимость; не обязательная программа грейда
23,2,Предлагаемая применимость; не обязательная программа грейда
23,3,Предлагаемая применимость; не обязательная программа грейда
23,4,Предлагаемая применимость; не обязательная программа грейда
23,5,Предлагаемая применимость; не обязательная программа грейда
23,26,Предлагаемая применимость; не обязательная программа грейда
23,27,Предлагаемая применимость; не обязательная программа грейда
23,28,Предлагаемая применимость; не обязательная программа грейда
23,29,Предлагаемая применимость; не обязательная программа грейда
23,30,Предлагаемая применимость; не обязательная программа грейда
23,31,Предлагаемая применимость; не обязательная программа грейда
23,32,Предлагаемая применимость; не обязательная программа грейда
23,33,Предлагаемая применимость; не обязательная программа грейда
23,55,Предлагаемая применимость; не обязательная программа грейда
23,56,Предлагаемая применимость; не обязательная программа грейда
23,57,Предлагаемая применимость; не обязательная программа грейда
23,58,Предлагаемая применимость; не обязательная программа грейда
24,1,Предлагаемая применимость; не обязательная программа грейда
24,2,Предлагаемая применимость; не обязательная программа грейда
24,3,Предлагаемая применимость; не обязательная программа грейда
24,4,Предлагаемая применимость; не обязательная программа грейда
24,5,Предлагаемая применимость; не обязательная программа грейда
24,26,Предлагаемая применимость; не обязательная программа грейда
24,27,Предлагаемая применимость; не обязательная программа грейда
24,28,Предлагаемая применимость; не обязательная программа грейда
24,29,Предлагаемая применимость; не обязательная программа грейда
24,30,Предлагаемая применимость; не обязательная программа грейда
24,31,Предлагаемая применимость; не обязательная программа грейда
24,32,Предлагаемая применимость; не обязательная программа грейда
24,33,Предлагаемая применимость; не обязательная программа грейда
24,55,Предлагаемая применимость; не обязательная программа грейда
24,56,Предлагаемая применимость; не обязательная программа грейда
24,57,Предлагаемая применимость; не обязательная программа грейда
24,58,Предлагаемая применимость; не обязательная программа грейда
25,1,Предлагаемая применимость; не обязательная программа грейда
25,2,Предлагаемая применимость; не обязательная программа грейда
25,3,Предлагаемая применимость; не обязательная программа грейда
25,4,Предлагаемая применимость; не обязательная программа грейда
25,5,Предлагаемая применимость; не обязательная программа грейда
25,26,Предлагаемая применимость; не обязательная программа грейда
25,27,Предлагаемая применимость; не обязательная программа грейда
25,28,Предлагаемая применимость; не обязательная программа грейда
25,29,Предлагаемая применимость; не обязательная программа грейда
25,30,Предлагаемая применимость; не обязательная программа грейда
25,31,Предлагаемая применимость; не обязательная программа грейда
25,32,Предлагаемая применимость; не обязательная программа грейда
25,33,Предлагаемая применимость; не обязательная программа грейда
25,55,Предлагаемая применимость; не обязательная программа грейда
25,56,Предлагаемая применимость; не обязательная программа грейда
25,57,Предлагаемая применимость; не обязательная программа грейда
25,58,Предлагаемая применимость; не обязательная программа грейда
26,1,Предлагаемая применимость; не обязательная программа грейда
26,2,Предлагаемая применимость; не обязательная программа грейда
26,3,Предлагаемая применимость; не обязательная программа грейда
26,4,Предлагаемая применимость; не обязательная программа грейда
26,5,Предлагаемая применимость; не обязательная программа грейда
26,26,Предлагаемая применимость; не обязательная программа грейда
26,27,Предлагаемая применимость; не обязательная программа грейда
26,28,Предлагаемая применимость; не обязательная программа грейда
26,29,Предлагаемая применимость; не обязательная программа грейда
26,30,Предлагаемая применимость; не обязательная программа грейда
26,31,Предлагаемая применимость; не обязательная программа грейда
26,32,Предлагаемая применимость; не обязательная программа грейда
26,33,Предлагаемая применимость; не обязательная программа грейда
26,55,Предлагаемая применимость; не обязательная программа грейда
26,56,Предлагаемая применимость; не обязательная программа грейда
26,57,Предлагаемая применимость; не обязательная программа грейда
26,58,Предлагаемая применимость; не обязательная программа грейда
27,1,Предлагаемая применимость; не обязательная программа грейда
27,2,Предлагаемая применимость; не обязательная программа грейда
27,3,Предлагаемая применимость; не обязательная программа грейда
27,4,Предлагаемая применимость; не обязательная программа грейда
27,5,Предлагаемая применимость; не обязательная программа грейда
27,26,Предлагаемая применимость; не обязательная программа грейда
27,27,Предлагаемая применимость; не обязательная программа грейда
27,28,Предлагаемая применимость; не обязательная программа грейда
27,29,Предлагаемая применимость; не обязательная программа грейда
27,30,Предлагаемая применимость; не обязательная программа грейда
27,31,Предлагаемая применимость; не обязательная программа грейда
27,32,Предлагаемая применимость; не обязательная программа грейда
27,33,Предлагаемая применимость; не обязательная программа грейда
27,55,Предлагаемая применимость; не обязательная программа грейда
27,56,Предлагаемая применимость; не обязательная программа грейда
27,57,Предлагаемая применимость; не обязательная программа грейда
27,58,Предлагаемая применимость; не обязательная программа грейда
28,1,Предлагаемая применимость; не обязательная программа грейда
28,2,Предлагаемая применимость; не обязательная программа грейда
28,3,Предлагаемая применимость; не обязательная программа грейда
28,4,Предлагаемая применимость; не обязательная программа грейда
28,5,Предлагаемая применимость; не обязательная программа грейда
28,26,Предлагаемая применимость; не обязательная программа грейда
28,27,Предлагаемая применимость; не обязательная программа грейда
28,28,Предлагаемая применимость; не обязательная программа грейда
28,29,Предлагаемая применимость; не обязательная программа грейда
28,30,Предлагаемая применимость; не обязательная программа грейда
28,31,Предлагаемая применимость; не обязательная программа грейда
28,32,Предлагаемая применимость; не обязательная программа грейда
28,33,Предлагаемая применимость; не обязательная программа грейда
28,55,Предлагаемая применимость; не обязательная программа грейда
28,56,Предлагаемая применимость; не обязательная программа грейда
28,57,Предлагаемая применимость; не обязательная программа грейда
28,58,Предлагаемая применимость; не обязательная программа грейда
29,1,Предлагаемая применимость; не обязательная программа грейда
29,2,Предлагаемая применимость; не обязательная программа грейда
29,3,Предлагаемая применимость; не обязательная программа грейда
29,4,Предлагаемая применимость; не обязательная программа грейда
29,5,Предлагаемая применимость; не обязательная программа грейда
29,26,Предлагаемая применимость; не обязательная программа грейда
29,27,Предлагаемая применимость; не обязательная программа грейда
29,28,Предлагаемая применимость; не обязательная программа грейда
29,29,Предлагаемая применимость; не обязательная программа грейда
29,30,Предлагаемая применимость; не обязательная программа грейда
29,31,Предлагаемая применимость; не обязательная программа грейда
29,32,Предлагаемая применимость; не обязательная программа грейда
29,33,Предлагаемая применимость; не обязательная программа грейда
29,55,Предлагаемая применимость; не обязательная программа грейда
29,56,Предлагаемая применимость; не обязательная программа грейда
29,57,Предлагаемая применимость; не обязательная программа грейда
29,58,Предлагаемая применимость; не обязательная программа грейда
30,16,Предлагаемая применимость; не обязательная программа грейда
30,17,Предлагаемая применимость; не обязательная программа грейда
30,18,Предлагаемая применимость; не обязательная программа грейда
30,19,Предлагаемая применимость; не обязательная программа грейда
30,20,Предлагаемая применимость; не обязательная программа грейда
30,21,Предлагаемая применимость; не обязательная программа грейда
30,22,Предлагаемая применимость; не обязательная программа грейда
30,23,Предлагаемая применимость; не обязательная программа грейда
30,24,Предлагаемая применимость; не обязательная программа грейда
30,25,Предлагаемая применимость; не обязательная программа грейда
30,38,Предлагаемая применимость; не обязательная программа грейда
30,39,Предлагаемая применимость; не обязательная программа грейда
30,40,Предлагаемая применимость; не обязательная программа грейда
30,41,Предлагаемая применимость; не обязательная программа грейда
30,42,Предлагаемая применимость; не обязательная программа грейда
30,47,Предлагаемая применимость; не обязательная программа грейда
30,48,Предлагаемая применимость; не обязательная программа грейда
30,49,Предлагаемая применимость; не обязательная программа грейда
30,50,Предлагаемая применимость; не обязательная программа грейда
31,16,Предлагаемая применимость; не обязательная программа грейда
31,17,Предлагаемая применимость; не обязательная программа грейда
31,18,Предлагаемая применимость; не обязательная программа грейда
31,19,Предлагаемая применимость; не обязательная программа грейда
31,20,Предлагаемая применимость; не обязательная программа грейда
31,21,Предлагаемая применимость; не обязательная программа грейда
31,22,Предлагаемая применимость; не обязательная программа грейда
31,23,Предлагаемая применимость; не обязательная программа грейда
31,24,Предлагаемая применимость; не обязательная программа грейда
31,25,Предлагаемая применимость; не обязательная программа грейда
31,38,Предлагаемая применимость; не обязательная программа грейда
31,39,Предлагаемая применимость; не обязательная программа грейда
31,40,Предлагаемая применимость; не обязательная программа грейда
31,41,Предлагаемая применимость; не обязательная программа грейда
31,42,Предлагаемая применимость; не обязательная программа грейда
31,47,Предлагаемая применимость; не обязательная программа грейда
31,48,Предлагаемая применимость; не обязательная программа грейда
31,49,Предлагаемая применимость; не обязательная программа грейда
31,50,Предлагаемая применимость; не обязательная программа грейда
32,16,Предлагаемая применимость; не обязательная программа грейда
32,17,Предлагаемая применимость; не обязательная программа грейда
32,18,Предлагаемая применимость; не обязательная программа грейда
32,19,Предлагаемая применимость; не обязательная программа грейда
32,20,Предлагаемая применимость; не обязательная программа грейда
32,21,Предлагаемая применимость; не обязательная программа грейда
32,22,Предлагаемая применимость; не обязательная программа грейда
32,23,Предлагаемая применимость; не обязательная программа грейда
32,24,Предлагаемая применимость; не обязательная программа грейда
32,25,Предлагаемая применимость; не обязательная программа грейда
32,38,Предлагаемая применимость; не обязательная программа грейда
32,39,Предлагаемая применимость; не обязательная программа грейда
32,40,Предлагаемая применимость; не обязательная программа грейда
32,41,Предлагаемая применимость; не обязательная программа грейда
32,42,Предлагаемая применимость; не обязательная программа грейда
32,47,Предлагаемая применимость; не обязательная программа грейда
32,48,Предлагаемая применимость; не обязательная программа грейда
32,49,Предлагаемая применимость; не обязательная программа грейда
32,50,Предлагаемая применимость; не обязательная программа грейда
33,16,Предлагаемая применимость; не обязательная программа грейда
33,17,Предлагаемая применимость; не обязательная программа грейда
33,18,Предлагаемая применимость; не обязательная программа грейда
33,19,Предлагаемая применимость; не обязательная программа грейда
33,20,Предлагаемая применимость; не обязательная программа грейда
33,21,Предлагаемая применимость; не обязательная программа грейда
33,22,Предлагаемая применимость; не обязательная программа грейда
33,23,Предлагаемая применимость; не обязательная программа грейда
33,24,Предлагаемая применимость; не обязательная программа грейда
33,25,Предлагаемая применимость; не обязательная программа грейда
33,38,Предлагаемая применимость; не обязательная программа грейда
33,39,Предлагаемая применимость; не обязательная программа грейда
33,40,Предлагаемая применимость; не обязательная программа грейда
33,41,Предлагаемая применимость; не обязательная программа грейда
33,42,Предлагаемая применимость; не обязательная программа грейда
33,47,Предлагаемая применимость; не обязательная программа грейда
33,48,Предлагаемая применимость; не обязательная программа грейда
33,49,Предлагаемая применимость; не обязательная программа грейда
33,50,Предлагаемая применимость; не обязательная программа грейда
34,16,Предлагаемая применимость; не обязательная программа грейда
34,17,Предлагаемая применимость; не обязательная программа грейда
34,18,Предлагаемая применимость; не обязательная программа грейда
34,19,Предлагаемая применимость; не обязательная программа грейда
34,20,Предлагаемая применимость; не обязательная программа грейда
34,21,Предлагаемая применимость; не обязательная программа грейда
34,22,Предлагаемая применимость; не обязательная программа грейда
34,23,Предлагаемая применимость; не обязательная программа грейда
34,24,Предлагаемая применимость; не обязательная программа грейда
34,25,Предлагаемая применимость; не обязательная программа грейда
34,38,Предлагаемая применимость; не обязательная программа грейда
34,39,Предлагаемая применимость; не обязательная программа грейда
34,40,Предлагаемая применимость; не обязательная программа грейда
34,41,Предлагаемая применимость; не обязательная программа грейда
34,42,Предлагаемая применимость; не обязательная программа грейда
34,47,Предлагаемая применимость; не обязательная программа грейда
34,48,Предлагаемая применимость; не обязательная программа грейда
34,49,Предлагаемая применимость; не обязательная программа грейда
34,50,Предлагаемая применимость; не обязательная программа грейда
35,16,Предлагаемая применимость; не обязательная программа грейда
35,17,Предлагаемая применимость; не обязательная программа грейда
35,18,Предлагаемая применимость; не обязательная программа грейда
35,19,Предлагаемая применимость; не обязательная программа грейда
35,20,Предлагаемая применимость; не обязательная программа грейда
35,21,Предлагаемая применимость; не обязательная программа грейда
35,22,Предлагаемая применимость; не обязательная программа грейда
35,23,Предлагаемая применимость; не обязательная программа грейда
35,24,Предлагаемая применимость; не обязательная программа грейда
35,25,Предлагаемая применимость; не обязательная программа грейда
35,38,Предлагаемая применимость; не обязательная программа грейда
35,39,Предлагаемая применимость; не обязательная программа грейда
35,40,Предлагаемая применимость; не обязательная программа грейда
35,41,Предлагаемая применимость; не обязательная программа грейда
35,42,Предлагаемая применимость; не обязательная программа грейда
35,47,Предлагаемая применимость; не обязательная программа грейда
35,48,Предлагаемая применимость; не обязательная программа грейда
35,49,Предлагаемая применимость; не обязательная программа грейда
35,50,Предлагаемая применимость; не обязательная программа грейда
36,16,Предлагаемая применимость; не обязательная программа грейда
36,17,Предлагаемая применимость; не обязательная программа грейда
36,18,Предлагаемая применимость; не обязательная программа грейда
36,19,Предлагаемая применимость; не обязательная программа грейда
36,20,Предлагаемая применимость; не обязательная программа грейда
36,21,Предлагаемая применимость; не обязательная программа грейда
36,22,Предлагаемая применимость; не обязательная программа грейда
36,23,Предлагаемая применимость; не обязательная программа грейда
36,24,Предлагаемая применимость; не обязательная программа грейда
36,25,Предлагаемая применимость; не обязательная программа грейда
36,38,Предлагаемая применимость; не обязательная программа грейда
36,39,Предлагаемая применимость; не обязательная программа грейда
36,40,Предлагаемая применимость; не обязательная программа грейда
36,41,Предлагаемая применимость; не обязательная программа грейда
36,42,Предлагаемая применимость; не обязательная программа грейда
36,47,Предлагаемая применимость; не обязательная программа грейда
36,48,Предлагаемая применимость; не обязательная программа грейда
36,49,Предлагаемая применимость; не обязательная программа грейда
36,50,Предлагаемая применимость; не обязательная программа грейда
37,16,Предлагаемая применимость; не обязательная программа грейда
37,17,Предлагаемая применимость; не обязательная программа грейда
37,18,Предлагаемая применимость; не обязательная программа грейда
37,19,Предлагаемая применимость; не обязательная программа грейда
37,20,Предлагаемая применимость; не обязательная программа грейда
37,21,Предлагаемая применимость; не обязательная программа грейда
37,22,Предлагаемая применимость; не обязательная программа грейда
37,23,Предлагаемая применимость; не обязательная программа грейда
37,24,Предлагаемая применимость; не обязательная программа грейда
37,25,Предлагаемая применимость; не обязательная программа грейда
37,38,Предлагаемая применимость; не обязательная программа грейда
37,39,Предлагаемая применимость; не обязательная программа грейда
37,40,Предлагаемая применимость; не обязательная программа грейда
37,41,Предлагаемая применимость; не обязательная программа грейда
37,42,Предлагаемая применимость; не обязательная программа грейда
37,47,Предлагаемая применимость; не обязательная программа грейда
37,48,Предлагаемая применимость; не обязательная программа грейда
37,49,Предлагаемая применимость; не обязательная программа грейда
37,50,Предлагаемая применимость; не обязательная программа грейда
38,1,Предлагаемая применимость; не обязательная программа грейда
38,2,Предлагаемая применимость; не обязательная программа грейда
38,3,Предлагаемая применимость; не обязательная программа грейда
38,4,Предлагаемая применимость; не обязательная программа грейда
38,5,Предлагаемая применимость; не обязательная программа грейда
38,21,Предлагаемая применимость; не обязательная программа грейда
38,22,Предлагаемая применимость; не обязательная программа грейда
38,23,Предлагаемая применимость; не обязательная программа грейда
38,24,Предлагаемая применимость; не обязательная программа грейда
38,25,Предлагаемая применимость; не обязательная программа грейда
38,38,Предлагаемая применимость; не обязательная программа грейда
38,39,Предлагаемая применимость; не обязательная программа грейда
38,40,Предлагаемая применимость; не обязательная программа грейда
38,41,Предлагаемая применимость; не обязательная программа грейда
38,42,Предлагаемая применимость; не обязательная программа грейда
38,43,Предлагаемая применимость; не обязательная программа грейда
38,44,Предлагаемая применимость; не обязательная программа грейда
38,45,Предлагаемая применимость; не обязательная программа грейда
38,46,Предлагаемая применимость; не обязательная программа грейда
39,1,Предлагаемая применимость; не обязательная программа грейда
39,2,Предлагаемая применимость; не обязательная программа грейда
39,3,Предлагаемая применимость; не обязательная программа грейда
39,4,Предлагаемая применимость; не обязательная программа грейда
39,5,Предлагаемая применимость; не обязательная программа грейда
39,21,Предлагаемая применимость; не обязательная программа грейда
39,22,Предлагаемая применимость; не обязательная программа грейда
39,23,Предлагаемая применимость; не обязательная программа грейда
39,24,Предлагаемая применимость; не обязательная программа грейда
39,25,Предлагаемая применимость; не обязательная программа грейда
39,38,Предлагаемая применимость; не обязательная программа грейда
39,39,Предлагаемая применимость; не обязательная программа грейда
39,40,Предлагаемая применимость; не обязательная программа грейда
39,41,Предлагаемая применимость; не обязательная программа грейда
39,42,Предлагаемая применимость; не обязательная программа грейда
39,43,Предлагаемая применимость; не обязательная программа грейда
39,44,Предлагаемая применимость; не обязательная программа грейда
39,45,Предлагаемая применимость; не обязательная программа грейда
39,46,Предлагаемая применимость; не обязательная программа грейда
40,1,Предлагаемая применимость; не обязательная программа грейда
40,2,Предлагаемая применимость; не обязательная программа грейда
40,3,Предлагаемая применимость; не обязательная программа грейда
40,4,Предлагаемая применимость; не обязательная программа грейда
40,5,Предлагаемая применимость; не обязательная программа грейда
40,21,Предлагаемая применимость; не обязательная программа грейда
40,22,Предлагаемая применимость; не обязательная программа грейда
40,23,Предлагаемая применимость; не обязательная программа грейда
40,24,Предлагаемая применимость; не обязательная программа грейда
40,25,Предлагаемая применимость; не обязательная программа грейда
40,38,Предлагаемая применимость; не обязательная программа грейда
40,39,Предлагаемая применимость; не обязательная программа грейда
40,40,Предлагаемая применимость; не обязательная программа грейда
40,41,Предлагаемая применимость; не обязательная программа грейда
40,42,Предлагаемая применимость; не обязательная программа грейда
40,43,Предлагаемая применимость; не обязательная программа грейда
40,44,Предлагаемая применимость; не обязательная программа грейда
40,45,Предлагаемая применимость; не обязательная программа грейда
40,46,Предлагаемая применимость; не обязательная программа грейда
41,1,Предлагаемая применимость; не обязательная программа грейда
41,2,Предлагаемая применимость; не обязательная программа грейда
41,3,Предлагаемая применимость; не обязательная программа грейда
41,4,Предлагаемая применимость; не обязательная программа грейда
41,5,Предлагаемая применимость; не обязательная программа грейда
41,21,Предлагаемая применимость; не обязательная программа грейда
41,22,Предлагаемая применимость; не обязательная программа грейда
41,23,Предлагаемая применимость; не обязательная программа грейда
41,24,Предлагаемая применимость; не обязательная программа грейда
41,25,Предлагаемая применимость; не обязательная программа грейда
41,38,Предлагаемая применимость; не обязательная программа грейда
41,39,Предлагаемая применимость; не обязательная программа грейда
41,40,Предлагаемая применимость; не обязательная программа грейда
41,41,Предлагаемая применимость; не обязательная программа грейда
41,42,Предлагаемая применимость; не обязательная программа грейда
41,43,Предлагаемая применимость; не обязательная программа грейда
41,44,Предлагаемая применимость; не обязательная программа грейда
41,45,Предлагаемая применимость; не обязательная программа грейда
41,46,Предлагаемая применимость; не обязательная программа грейда
42,1,Предлагаемая применимость; не обязательная программа грейда
42,2,Предлагаемая применимость; не обязательная программа грейда
42,3,Предлагаемая применимость; не обязательная программа грейда
42,4,Предлагаемая применимость; не обязательная программа грейда
42,5,Предлагаемая применимость; не обязательная программа грейда
42,21,Предлагаемая применимость; не обязательная программа грейда
42,22,Предлагаемая применимость; не обязательная программа грейда
42,23,Предлагаемая применимость; не обязательная программа грейда
42,24,Предлагаемая применимость; не обязательная программа грейда
42,25,Предлагаемая применимость; не обязательная программа грейда
42,38,Предлагаемая применимость; не обязательная программа грейда
42,39,Предлагаемая применимость; не обязательная программа грейда
42,40,Предлагаемая применимость; не обязательная программа грейда
42,41,Предлагаемая применимость; не обязательная программа грейда
42,42,Предлагаемая применимость; не обязательная программа грейда
42,43,Предлагаемая применимость; не обязательная программа грейда
42,44,Предлагаемая применимость; не обязательная программа грейда
42,45,Предлагаемая применимость; не обязательная программа грейда
42,46,Предлагаемая применимость; не обязательная программа грейда
43,1,Предлагаемая применимость; не обязательная программа грейда
43,2,Предлагаемая применимость; не обязательная программа грейда
43,3,Предлагаемая применимость; не обязательная программа грейда
43,4,Предлагаемая применимость; не обязательная программа грейда
43,5,Предлагаемая применимость; не обязательная программа грейда
43,21,Предлагаемая применимость; не обязательная программа грейда
43,22,Предлагаемая применимость; не обязательная программа грейда
43,23,Предлагаемая применимость; не обязательная программа грейда
43,24,Предлагаемая применимость; не обязательная программа грейда
43,25,Предлагаемая применимость; не обязательная программа грейда
43,38,Предлагаемая применимость; не обязательная программа грейда
43,39,Предлагаемая применимость; не обязательная программа грейда
43,40,Предлагаемая применимость; не обязательная программа грейда
43,41,Предлагаемая применимость; не обязательная программа грейда
43,42,Предлагаемая применимость; не обязательная программа грейда
43,43,Предлагаемая применимость; не обязательная программа грейда
43,44,Предлагаемая применимость; не обязательная программа грейда
43,45,Предлагаемая применимость; не обязательная программа грейда
43,46,Предлагаемая применимость; не обязательная программа грейда
44,1,Предлагаемая применимость; не обязательная программа грейда
44,2,Предлагаемая применимость; не обязательная программа грейда
44,3,Предлагаемая применимость; не обязательная программа грейда
44,4,Предлагаемая применимость; не обязательная программа грейда
44,5,Предлагаемая применимость; не обязательная программа грейда
44,21,Предлагаемая применимость; не обязательная программа грейда
44,22,Предлагаемая применимость; не обязательная программа грейда
44,23,Предлагаемая применимость; не обязательная программа грейда
44,24,Предлагаемая применимость; не обязательная программа грейда
44,25,Предлагаемая применимость; не обязательная программа грейда
44,38,Предлагаемая применимость; не обязательная программа грейда
44,39,Предлагаемая применимость; не обязательная программа грейда
44,40,Предлагаемая применимость; не обязательная программа грейда
44,41,Предлагаемая применимость; не обязательная программа грейда
44,42,Предлагаемая применимость; не обязательная программа грейда
44,43,Предлагаемая применимость; не обязательная программа грейда
44,44,Предлагаемая применимость; не обязательная программа грейда
44,45,Предлагаемая применимость; не обязательная программа грейда
44,46,Предлагаемая применимость; не обязательная программа грейда
45,16,Предлагаемая применимость; не обязательная программа грейда
45,17,Предлагаемая применимость; не обязательная программа грейда
45,18,Предлагаемая применимость; не обязательная программа грейда
45,19,Предлагаемая применимость; не обязательная программа грейда
45,20,Предлагаемая применимость; не обязательная программа грейда
45,26,Предлагаемая применимость; не обязательная программа грейда
45,27,Предлагаемая применимость; не обязательная программа грейда
45,28,Предлагаемая применимость; не обязательная программа грейда
45,29,Предлагаемая применимость; не обязательная программа грейда
45,30,Предлагаемая применимость; не обязательная программа грейда
46,16,Предлагаемая применимость; не обязательная программа грейда
46,17,Предлагаемая применимость; не обязательная программа грейда
46,18,Предлагаемая применимость; не обязательная программа грейда
46,19,Предлагаемая применимость; не обязательная программа грейда
46,20,Предлагаемая применимость; не обязательная программа грейда
46,26,Предлагаемая применимость; не обязательная программа грейда
46,27,Предлагаемая применимость; не обязательная программа грейда
46,28,Предлагаемая применимость; не обязательная программа грейда
46,29,Предлагаемая применимость; не обязательная программа грейда
46,30,Предлагаемая применимость; не обязательная программа грейда
47,16,Предлагаемая применимость; не обязательная программа грейда
47,17,Предлагаемая применимость; не обязательная программа грейда
47,18,Предлагаемая применимость; не обязательная программа грейда
47,19,Предлагаемая применимость; не обязательная программа грейда
47,20,Предлагаемая применимость; не обязательная программа грейда
47,26,Предлагаемая применимость; не обязательная программа грейда
47,27,Предлагаемая применимость; не обязательная программа грейда
47,28,Предлагаемая применимость; не обязательная программа грейда
47,29,Предлагаемая применимость; не обязательная программа грейда
47,30,Предлагаемая применимость; не обязательная программа грейда
48,21,Предлагаемая применимость; не обязательная программа грейда
48,22,Предлагаемая применимость; не обязательная программа грейда
48,23,Предлагаемая применимость; не обязательная программа грейда
48,24,Предлагаемая применимость; не обязательная программа грейда
48,25,Предлагаемая применимость; не обязательная программа грейда
49,21,Предлагаемая применимость; не обязательная программа грейда
49,22,Предлагаемая применимость; не обязательная программа грейда
49,23,Предлагаемая применимость; не обязательная программа грейда
49,24,Предлагаемая применимость; не обязательная программа грейда
49,25,Предлагаемая применимость; не обязательная программа грейда
50,21,Предлагаемая применимость; не обязательная программа грейда
50,22,Предлагаемая применимость; не обязательная программа грейда
50,23,Предлагаемая применимость; не обязательная программа грейда
50,24,Предлагаемая применимость; не обязательная программа грейда
50,25,Предлагаемая применимость; не обязательная программа грейда
51,21,Предлагаемая применимость; не обязательная программа грейда
51,22,Предлагаемая применимость; не обязательная программа грейда
51,23,Предлагаемая применимость; не обязательная программа грейда
51,24,Предлагаемая применимость; не обязательная программа грейда
51,25,Предлагаемая применимость; не обязательная программа грейда
52,21,Предлагаемая применимость; не обязательная программа грейда
52,22,Предлагаемая применимость; не обязательная программа грейда
52,23,Предлагаемая применимость; не обязательная программа грейда
52,24,Предлагаемая применимость; не обязательная программа грейда
52,25,Предлагаемая применимость; не обязательная программа грейда
53,21,Предлагаемая применимость; не обязательная программа грейда
53,22,Предлагаемая применимость; не обязательная программа грейда
53,23,Предлагаемая применимость; не обязательная программа грейда
53,24,Предлагаемая применимость; не обязательная программа грейда
53,25,Предлагаемая применимость; не обязательная программа грейда
54,21,Предлагаемая применимость; не обязательная программа грейда
54,22,Предлагаемая применимость; не обязательная программа грейда
54,23,Предлагаемая применимость; не обязательная программа грейда
54,24,Предлагаемая применимость; не обязательная программа грейда
54,25,Предлагаемая применимость; не обязательная программа грейда
55,26,Предлагаемая применимость; не обязательная программа грейда
55,27,Предлагаемая применимость; не обязательная программа грейда
55,28,Предлагаемая применимость; не обязательная программа грейда
55,29,Предлагаемая применимость; не обязательная программа грейда
55,30,Предлагаемая применимость; не обязательная программа грейда
55,31,Предлагаемая применимость; не обязательная программа грейда
55,32,Предлагаемая применимость; не обязательная программа грейда
55,33,Предлагаемая применимость; не обязательная программа грейда
56,26,Предлагаемая применимость; не обязательная программа грейда
56,27,Предлагаемая применимость; не обязательная программа грейда
56,28,Предлагаемая применимость; не обязательная программа грейда
56,29,Предлагаемая применимость; не обязательная программа грейда
56,30,Предлагаемая применимость; не обязательная программа грейда
56,31,Предлагаемая применимость; не обязательная программа грейда
56,32,Предлагаемая применимость; не обязательная программа грейда
56,33,Предлагаемая применимость; не обязательная программа грейда
57,26,Предлагаемая применимость; не обязательная программа грейда
57,27,Предлагаемая применимость; не обязательная программа грейда
57,28,Предлагаемая применимость; не обязательная программа грейда
57,29,Предлагаемая применимость; не обязательная программа грейда
57,30,Предлагаемая применимость; не обязательная программа грейда
57,31,Предлагаемая применимость; не обязательная программа грейда
57,32,Предлагаемая применимость; не обязательная программа грейда
57,33,Предлагаемая применимость; не обязательная программа грейда
58,26,Предлагаемая применимость; не обязательная программа грейда
58,27,Предлагаемая применимость; не обязательная программа грейда
58,28,Предлагаемая применимость; не обязательная программа грейда
58,29,Предлагаемая применимость; не обязательная программа грейда
58,30,Предлагаемая применимость; не обязательная программа грейда
58,31,Предлагаемая применимость; не обязательная программа грейда
58,32,Предлагаемая применимость; не обязательная программа грейда
58,33,Предлагаемая применимость; не обязательная программа грейда
59,26,Предлагаемая применимость; не обязательная программа грейда
59,27,Предлагаемая применимость; не обязательная программа грейда
59,28,Предлагаемая применимость; не обязательная программа грейда
59,29,Предлагаемая применимость; не обязательная программа грейда
59,30,Предлагаемая применимость; не обязательная программа грейда
59,31,Предлагаемая применимость; не обязательная программа грейда
59,32,Предлагаемая применимость; не обязательная программа грейда
59,33,Предлагаемая применимость; не обязательная программа грейда
60,26,Предлагаемая применимость; не обязательная программа грейда
60,27,Предлагаемая применимость; не обязательная программа грейда
60,28,Предлагаемая применимость; не обязательная программа грейда
60,29,Предлагаемая применимость; не обязательная программа грейда
60,30,Предлагаемая применимость; не обязательная программа грейда
60,31,Предлагаемая применимость; не обязательная программа грейда
60,32,Предлагаемая применимость; не обязательная программа грейда
60,33,Предлагаемая применимость; не обязательная программа грейда
61,26,Предлагаемая применимость; не обязательная программа грейда
61,27,Предлагаемая применимость; не обязательная программа грейда
61,28,Предлагаемая применимость; не обязательная программа грейда
61,29,Предлагаемая применимость; не обязательная программа грейда
61,30,Предлагаемая применимость; не обязательная программа грейда
61,31,Предлагаемая применимость; не обязательная программа грейда
61,32,Предлагаемая применимость; не обязательная программа грейда
61,33,Предлагаемая применимость; не обязательная программа грейда
62,26,Предлагаемая применимость; не обязательная программа грейда
62,27,Предлагаемая применимость; не обязательная программа грейда
62,28,Предлагаемая применимость; не обязательная программа грейда
62,29,Предлагаемая применимость; не обязательная программа грейда
62,30,Предлагаемая применимость; не обязательная программа грейда
62,31,Предлагаемая применимость; не обязательная программа грейда
62,32,Предлагаемая применимость; не обязательная программа грейда
62,33,Предлагаемая применимость; не обязательная программа грейда
63,26,Предлагаемая применимость; не обязательная программа грейда
63,27,Предлагаемая применимость; не обязательная программа грейда
63,28,Предлагаемая применимость; не обязательная программа грейда
63,29,Предлагаемая применимость; не обязательная программа грейда
63,30,Предлагаемая применимость; не обязательная программа грейда
63,31,Предлагаемая применимость; не обязательная программа грейда
63,32,Предлагаемая применимость; не обязательная программа грейда
63,33,Предлагаемая применимость; не обязательная программа грейда
64,26,Предлагаемая применимость; не обязательная программа грейда
64,27,Предлагаемая применимость; не обязательная программа грейда
64,28,Предлагаемая применимость; не обязательная программа грейда
64,29,Предлагаемая применимость; не обязательная программа грейда
64,30,Предлагаемая применимость; не обязательная программа грейда
64,31,Предлагаемая применимость; не обязательная программа грейда
64,32,Предлагаемая применимость; не обязательная программа грейда
64,33,Предлагаемая применимость; не обязательная программа грейда
65,26,Предлагаемая применимость; не обязательная программа грейда
65,27,Предлагаемая применимость; не обязательная программа грейда
65,28,Предлагаемая применимость; не обязательная программа грейда
65,29,Предлагаемая применимость; не обязательная программа грейда
65,30,Предлагаемая применимость; не обязательная программа грейда
65,31,Предлагаемая применимость; не обязательная программа грейда
65,32,Предлагаемая применимость; не обязательная программа грейда
65,33,Предлагаемая применимость; не обязательная программа грейда
66,26,Предлагаемая применимость; не обязательная программа грейда
66,27,Предлагаемая применимость; не обязательная программа грейда
66,28,Предлагаемая применимость; не обязательная программа грейда
66,29,Предлагаемая применимость; не обязательная программа грейда
66,30,Предлагаемая применимость; не обязательная программа грейда
66,31,Предлагаемая применимость; не обязательная программа грейда
66,32,Предлагаемая применимость; не обязательная программа грейда
66,33,Предлагаемая применимость; не обязательная программа грейда
67,26,Предлагаемая применимость; не обязательная программа грейда
67,27,Предлагаемая применимость; не обязательная программа грейда
67,28,Предлагаемая применимость; не обязательная программа грейда
67,29,Предлагаемая применимость; не обязательная программа грейда
67,30,Предлагаемая применимость; не обязательная программа грейда
67,31,Предлагаемая применимость; не обязательная программа грейда
67,32,Предлагаемая применимость; не обязательная программа грейда
67,33,Предлагаемая применимость; не обязательная программа грейда
67,34,Предлагаемая применимость; не обязательная программа грейда
67,35,Предлагаемая применимость; не обязательная программа грейда
67,36,Предлагаемая применимость; не обязательная программа грейда
67,37,Предлагаемая применимость; не обязательная программа грейда
68,26,Предлагаемая применимость; не обязательная программа грейда
68,27,Предлагаемая применимость; не обязательная программа грейда
68,28,Предлагаемая применимость; не обязательная программа грейда
68,29,Предлагаемая применимость; не обязательная программа грейда
68,30,Предлагаемая применимость; не обязательная программа грейда
68,31,Предлагаемая применимость; не обязательная программа грейда
68,32,Предлагаемая применимость; не обязательная программа грейда
68,33,Предлагаемая применимость; не обязательная программа грейда
68,34,Предлагаемая применимость; не обязательная программа грейда
68,35,Предлагаемая применимость; не обязательная программа грейда
68,36,Предлагаемая применимость; не обязательная программа грейда
68,37,Предлагаемая применимость; не обязательная программа грейда
69,26,Предлагаемая применимость; не обязательная программа грейда
69,27,Предлагаемая применимость; не обязательная программа грейда
69,28,Предлагаемая применимость; не обязательная программа грейда
69,29,Предлагаемая применимость; не обязательная программа грейда
69,30,Предлагаемая применимость; не обязательная программа грейда
69,31,Предлагаемая применимость; не обязательная программа грейда
69,32,Предлагаемая применимость; не обязательная программа грейда
69,33,Предлагаемая применимость; не обязательная программа грейда
69,34,Предлагаемая применимость; не обязательная программа грейда
69,35,Предлагаемая применимость; не обязательная программа грейда
69,36,Предлагаемая применимость; не обязательная программа грейда
69,37,Предлагаемая применимость; не обязательная программа грейда
70,26,Предлагаемая применимость; не обязательная программа грейда
70,27,Предлагаемая применимость; не обязательная программа грейда
70,28,Предлагаемая применимость; не обязательная программа грейда
70,29,Предлагаемая применимость; не обязательная программа грейда
70,30,Предлагаемая применимость; не обязательная программа грейда
70,31,Предлагаемая применимость; не обязательная программа грейда
70,32,Предлагаемая применимость; не обязательная программа грейда
70,33,Предлагаемая применимость; не обязательная программа грейда
70,34,Предлагаемая применимость; не обязательная программа грейда
70,35,Предлагаемая применимость; не обязательная программа грейда
70,36,Предлагаемая применимость; не обязательная программа грейда
70,37,Предлагаемая применимость; не обязательная программа грейда
71,26,Предлагаемая применимость; не обязательная программа грейда
71,27,Предлагаемая применимость; не обязательная программа грейда
71,28,Предлагаемая применимость; не обязательная программа грейда
71,29,Предлагаемая применимость; не обязательная программа грейда
71,30,Предлагаемая применимость; не обязательная программа грейда
71,31,Предлагаемая применимость; не обязательная программа грейда
71,32,Предлагаемая применимость; не обязательная программа грейда
71,33,Предлагаемая применимость; не обязательная программа грейда
71,34,Предлагаемая применимость; не обязательная программа грейда
71,35,Предлагаемая применимость; не обязательная программа грейда
71,36,Предлагаемая применимость; не обязательная программа грейда
71,37,Предлагаемая применимость; не обязательная программа грейда
72,26,Предлагаемая применимость; не обязательная программа грейда
72,27,Предлагаемая применимость; не обязательная программа грейда
72,28,Предлагаемая применимость; не обязательная программа грейда
72,29,Предлагаемая применимость; не обязательная программа грейда
72,30,Предлагаемая применимость; не обязательная программа грейда
72,31,Предлагаемая применимость; не обязательная программа грейда
72,32,Предлагаемая применимость; не обязательная программа грейда
72,33,Предлагаемая применимость; не обязательная программа грейда
72,34,Предлагаемая применимость; не обязательная программа грейда
72,35,Предлагаемая применимость; не обязательная программа грейда
72,36,Предлагаемая применимость; не обязательная программа грейда
72,37,Предлагаемая применимость; не обязательная программа грейда
73,26,Предлагаемая применимость; не обязательная программа грейда
73,27,Предлагаемая применимость; не обязательная программа грейда
73,28,Предлагаемая применимость; не обязательная программа грейда
73,29,Предлагаемая применимость; не обязательная программа грейда
73,30,Предлагаемая применимость; не обязательная программа грейда
73,31,Предлагаемая применимость; не обязательная программа грейда
73,32,Предлагаемая применимость; не обязательная программа грейда
73,33,Предлагаемая применимость; не обязательная программа грейда
73,34,Предлагаемая применимость; не обязательная программа грейда
73,35,Предлагаемая применимость; не обязательная программа грейда
73,36,Предлагаемая применимость; не обязательная программа грейда
73,37,Предлагаемая применимость; не обязательная программа грейда
74,26,Предлагаемая применимость; не обязательная программа грейда
74,27,Предлагаемая применимость; не обязательная программа грейда
74,28,Предлагаемая применимость; не обязательная программа грейда
74,29,Предлагаемая применимость; не обязательная программа грейда
74,30,Предлагаемая применимость; не обязательная программа грейда
74,31,Предлагаемая применимость; не обязательная программа грейда
74,32,Предлагаемая применимость; не обязательная программа грейда
74,33,Предлагаемая применимость; не обязательная программа грейда
74,34,Предлагаемая применимость; не обязательная программа грейда
74,35,Предлагаемая применимость; не обязательная программа грейда
74,36,Предлагаемая применимость; не обязательная программа грейда
74,37,Предлагаемая применимость; не обязательная программа грейда
75,26,Предлагаемая применимость; не обязательная программа грейда
75,27,Предлагаемая применимость; не обязательная программа грейда
75,28,Предлагаемая применимость; не обязательная программа грейда
75,29,Предлагаемая применимость; не обязательная программа грейда
75,30,Предлагаемая применимость; не обязательная программа грейда
75,31,Предлагаемая применимость; не обязательная программа грейда
75,32,Предлагаемая применимость; не обязательная программа грейда
75,33,Предлагаемая применимость; не обязательная программа грейда
75,34,Предлагаемая применимость; не обязательная программа грейда
75,35,Предлагаемая применимость; не обязательная программа грейда
75,36,Предлагаемая применимость; не обязательная программа грейда
75,37,Предлагаемая применимость; не обязательная программа грейда
76,26,Предлагаемая применимость; не обязательная программа грейда
76,27,Предлагаемая применимость; не обязательная программа грейда
76,28,Предлагаемая применимость; не обязательная программа грейда
76,29,Предлагаемая применимость; не обязательная программа грейда
76,30,Предлагаемая применимость; не обязательная программа грейда
76,31,Предлагаемая применимость; не обязательная программа грейда
76,32,Предлагаемая применимость; не обязательная программа грейда
76,33,Предлагаемая применимость; не обязательная программа грейда
76,34,Предлагаемая применимость; не обязательная программа грейда
76,35,Предлагаемая применимость; не обязательная программа грейда
76,36,Предлагаемая применимость; не обязательная программа грейда
76,37,Предлагаемая применимость; не обязательная программа грейда
77,26,Предлагаемая применимость; не обязательная программа грейда
77,27,Предлагаемая применимость; не обязательная программа грейда
77,28,Предлагаемая применимость; не обязательная программа грейда
77,29,Предлагаемая применимость; не обязательная программа грейда
77,30,Предлагаемая применимость; не обязательная программа грейда
77,31,Предлагаемая применимость; не обязательная программа грейда
77,32,Предлагаемая применимость; не обязательная программа грейда
77,33,Предлагаемая применимость; не обязательная программа грейда
77,34,Предлагаемая применимость; не обязательная программа грейда
77,35,Предлагаемая применимость; не обязательная программа грейда
77,36,Предлагаемая применимость; не обязательная программа грейда
77,37,Предлагаемая применимость; не обязательная программа грейда
78,38,Предлагаемая применимость; не обязательная программа грейда
78,39,Предлагаемая применимость; не обязательная программа грейда
78,40,Предлагаемая применимость; не обязательная программа грейда
78,41,Предлагаемая применимость; не обязательная программа грейда
78,42,Предлагаемая применимость; не обязательная программа грейда
78,47,Предлагаемая применимость; не обязательная программа грейда
78,48,Предлагаемая применимость; не обязательная программа грейда
78,49,Предлагаемая применимость; не обязательная программа грейда
78,50,Предлагаемая применимость; не обязательная программа грейда
79,38,Предлагаемая применимость; не обязательная программа грейда
79,39,Предлагаемая применимость; не обязательная программа грейда
79,40,Предлагаемая применимость; не обязательная программа грейда
79,41,Предлагаемая применимость; не обязательная программа грейда
79,42,Предлагаемая применимость; не обязательная программа грейда
79,47,Предлагаемая применимость; не обязательная программа грейда
79,48,Предлагаемая применимость; не обязательная программа грейда
79,49,Предлагаемая применимость; не обязательная программа грейда
79,50,Предлагаемая применимость; не обязательная программа грейда
80,38,Предлагаемая применимость; не обязательная программа грейда
80,39,Предлагаемая применимость; не обязательная программа грейда
80,40,Предлагаемая применимость; не обязательная программа грейда
80,41,Предлагаемая применимость; не обязательная программа грейда
80,42,Предлагаемая применимость; не обязательная программа грейда
80,47,Предлагаемая применимость; не обязательная программа грейда
80,48,Предлагаемая применимость; не обязательная программа грейда
80,49,Предлагаемая применимость; не обязательная программа грейда
80,50,Предлагаемая применимость; не обязательная программа грейда
81,38,Предлагаемая применимость; не обязательная программа грейда
81,39,Предлагаемая применимость; не обязательная программа грейда
81,40,Предлагаемая применимость; не обязательная программа грейда
81,41,Предлагаемая применимость; не обязательная программа грейда
81,42,Предлагаемая применимость; не обязательная программа грейда
81,47,Предлагаемая применимость; не обязательная программа грейда
81,48,Предлагаемая применимость; не обязательная программа грейда
81,49,Предлагаемая применимость; не обязательная программа грейда
81,50,Предлагаемая применимость; не обязательная программа грейда
82,16,Предлагаемая применимость; не обязательная программа грейда
82,17,Предлагаемая применимость; не обязательная программа грейда
82,18,Предлагаемая применимость; не обязательная программа грейда
82,19,Предлагаемая применимость; не обязательная программа грейда
82,20,Предлагаемая применимость; не обязательная программа грейда
82,26,Предлагаемая применимость; не обязательная программа грейда
82,27,Предлагаемая применимость; не обязательная программа грейда
82,28,Предлагаемая применимость; не обязательная программа грейда
82,29,Предлагаемая применимость; не обязательная программа грейда
82,30,Предлагаемая применимость; не обязательная программа грейда
82,34,Предлагаемая применимость; не обязательная программа грейда
82,35,Предлагаемая применимость; не обязательная программа грейда
82,36,Предлагаемая применимость; не обязательная программа грейда
82,37,Предлагаемая применимость; не обязательная программа грейда
82,47,Предлагаемая применимость; не обязательная программа грейда
82,48,Предлагаемая применимость; не обязательная программа грейда
82,49,Предлагаемая применимость; не обязательная программа грейда
82,50,Предлагаемая применимость; не обязательная программа грейда
83,16,Предлагаемая применимость; не обязательная программа грейда
83,17,Предлагаемая применимость; не обязательная программа грейда
83,18,Предлагаемая применимость; не обязательная программа грейда
83,19,Предлагаемая применимость; не обязательная программа грейда
83,20,Предлагаемая применимость; не обязательная программа грейда
83,26,Предлагаемая применимость; не обязательная программа грейда
83,27,Предлагаемая применимость; не обязательная программа грейда
83,28,Предлагаемая применимость; не обязательная программа грейда
83,29,Предлагаемая применимость; не обязательная программа грейда
83,30,Предлагаемая применимость; не обязательная программа грейда
83,34,Предлагаемая применимость; не обязательная программа грейда
83,35,Предлагаемая применимость; не обязательная программа грейда
83,36,Предлагаемая применимость; не обязательная программа грейда
83,37,Предлагаемая применимость; не обязательная программа грейда
83,47,Предлагаемая применимость; не обязательная программа грейда
83,48,Предлагаемая применимость; не обязательная программа грейда
83,49,Предлагаемая применимость; не обязательная программа грейда
83,50,Предлагаемая применимость; не обязательная программа грейда
84,16,Предлагаемая применимость; не обязательная программа грейда
84,17,Предлагаемая применимость; не обязательная программа грейда
84,18,Предлагаемая применимость; не обязательная программа грейда
84,19,Предлагаемая применимость; не обязательная программа грейда
84,20,Предлагаемая применимость; не обязательная программа грейда
84,26,Предлагаемая применимость; не обязательная программа грейда
84,27,Предлагаемая применимость; не обязательная программа грейда
84,28,Предлагаемая применимость; не обязательная программа грейда
84,29,Предлагаемая применимость; не обязательная программа грейда
84,30,Предлагаемая применимость; не обязательная программа грейда
84,34,Предлагаемая применимость; не обязательная программа грейда
84,35,Предлагаемая применимость; не обязательная программа грейда
84,36,Предлагаемая применимость; не обязательная программа грейда
84,37,Предлагаемая применимость; не обязательная программа грейда
84,47,Предлагаемая применимость; не обязательная программа грейда
84,48,Предлагаемая применимость; не обязательная программа грейда
84,49,Предлагаемая применимость; не обязательная программа грейда
84,50,Предлагаемая применимость; не обязательная программа грейда
85,16,Предлагаемая применимость; не обязательная программа грейда
85,17,Предлагаемая применимость; не обязательная программа грейда
85,18,Предлагаемая применимость; не обязательная программа грейда
85,19,Предлагаемая применимость; не обязательная программа грейда
85,20,Предлагаемая применимость; не обязательная программа грейда
85,26,Предлагаемая применимость; не обязательная программа грейда
85,27,Предлагаемая применимость; не обязательная программа грейда
85,28,Предлагаемая применимость; не обязательная программа грейда
85,29,Предлагаемая применимость; не обязательная программа грейда
85,30,Предлагаемая применимость; не обязательная программа грейда
85,34,Предлагаемая применимость; не обязательная программа грейда
85,35,Предлагаемая применимость; не обязательная программа грейда
85,36,Предлагаемая применимость; не обязательная программа грейда
85,37,Предлагаемая применимость; не обязательная программа грейда
85,47,Предлагаемая применимость; не обязательная программа грейда
85,48,Предлагаемая применимость; не обязательная программа грейда
85,49,Предлагаемая применимость; не обязательная программа грейда
85,50,Предлагаемая применимость; не обязательная программа грейда
86,16,Предлагаемая применимость; не обязательная программа грейда
86,17,Предлагаемая применимость; не обязательная программа грейда
86,18,Предлагаемая применимость; не обязательная программа грейда
86,19,Предлагаемая применимость; не обязательная программа грейда
86,20,Предлагаемая применимость; не обязательная программа грейда
86,26,Предлагаемая применимость; не обязательная программа грейда
86,27,Предлагаемая применимость; не обязательная программа грейда
86,28,Предлагаемая применимость; не обязательная программа грейда
86,29,Предлагаемая применимость; не обязательная программа грейда
86,30,Предлагаемая применимость; не обязательная программа грейда
86,34,Предлагаемая применимость; не обязательная программа грейда
86,35,Предлагаемая применимость; не обязательная программа грейда
86,36,Предлагаемая применимость; не обязательная программа грейда
86,37,Предлагаемая применимость; не обязательная программа грейда
86,47,Предлагаемая применимость; не обязательная программа грейда
86,48,Предлагаемая применимость; не обязательная программа грейда
86,49,Предлагаемая применимость; не обязательная программа грейда
86,50,Предлагаемая применимость; не обязательная программа грейда
87,16,Предлагаемая применимость; не обязательная программа грейда
87,17,Предлагаемая применимость; не обязательная программа грейда
87,18,Предлагаемая применимость; не обязательная программа грейда
87,19,Предлагаемая применимость; не обязательная программа грейда
87,20,Предлагаемая применимость; не обязательная программа грейда
87,26,Предлагаемая применимость; не обязательная программа грейда
87,27,Предлагаемая применимость; не обязательная программа грейда
87,28,Предлагаемая применимость; не обязательная программа грейда
87,29,Предлагаемая применимость; не обязательная программа грейда
87,30,Предлагаемая применимость; не обязательная программа грейда
87,34,Предлагаемая применимость; не обязательная программа грейда
87,35,Предлагаемая применимость; не обязательная программа грейда
87,36,Предлагаемая применимость; не обязательная программа грейда
87,37,Предлагаемая применимость; не обязательная программа грейда
87,47,Предлагаемая применимость; не обязательная программа грейда
87,48,Предлагаемая применимость; не обязательная программа грейда
87,49,Предлагаемая применимость; не обязательная программа грейда
87,50,Предлагаемая применимость; не обязательная программа грейда
88,11,Предлагаемая применимость; не обязательная программа грейда
88,12,Предлагаемая применимость; не обязательная программа грейда
88,13,Предлагаемая применимость; не обязательная программа грейда
88,14,Предлагаемая применимость; не обязательная программа грейда
88,15,Предлагаемая применимость; не обязательная программа грейда
88,51,Предлагаемая применимость; не обязательная программа грейда
88,52,Предлагаемая применимость; не обязательная программа грейда
88,53,Предлагаемая применимость; не обязательная программа грейда
88,54,Предлагаемая применимость; не обязательная программа грейда
89,11,Предлагаемая применимость; не обязательная программа грейда
89,12,Предлагаемая применимость; не обязательная программа грейда
89,13,Предлагаемая применимость; не обязательная программа грейда
89,14,Предлагаемая применимость; не обязательная программа грейда
89,15,Предлагаемая применимость; не обязательная программа грейда
89,51,Предлагаемая применимость; не обязательная программа грейда
89,52,Предлагаемая применимость; не обязательная программа грейда
89,53,Предлагаемая применимость; не обязательная программа грейда
89,54,Предлагаемая применимость; не обязательная программа грейда
90,11,Предлагаемая применимость; не обязательная программа грейда
90,12,Предлагаемая применимость; не обязательная программа грейда
90,13,Предлагаемая применимость; не обязательная программа грейда
90,14,Предлагаемая применимость; не обязательная программа грейда
90,15,Предлагаемая применимость; не обязательная программа грейда
90,51,Предлагаемая применимость; не обязательная программа грейда
90,52,Предлагаемая применимость; не обязательная программа грейда
90,53,Предлагаемая применимость; не обязательная программа грейда
90,54,Предлагаемая применимость; не обязательная программа грейда
91,11,Предлагаемая применимость; не обязательная программа грейда
91,12,Предлагаемая применимость; не обязательная программа грейда
91,13,Предлагаемая применимость; не обязательная программа грейда
91,14,Предлагаемая применимость; не обязательная программа грейда
91,15,Предлагаемая применимость; не обязательная программа грейда
91,51,Предлагаемая применимость; не обязательная программа грейда
91,52,Предлагаемая применимость; не обязательная программа грейда
91,53,Предлагаемая применимость; не обязательная программа грейда
91,54,Предлагаемая применимость; не обязательная программа грейда
92,11,Предлагаемая применимость; не обязательная программа грейда
92,12,Предлагаемая применимость; не обязательная программа грейда
92,13,Предлагаемая применимость; не обязательная программа грейда
92,14,Предлагаемая применимость; не обязательная программа грейда
92,15,Предлагаемая применимость; не обязательная программа грейда
92,51,Предлагаемая применимость; не обязательная программа грейда
92,52,Предлагаемая применимость; не обязательная программа грейда
92,53,Предлагаемая применимость; не обязательная программа грейда
92,54,Предлагаемая применимость; не обязательная программа грейда
93,11,Предлагаемая применимость; не обязательная программа грейда
93,12,Предлагаемая применимость; не обязательная программа грейда
93,13,Предлагаемая применимость; не обязательная программа грейда
93,14,Предлагаемая применимость; не обязательная программа грейда
93,15,Предлагаемая применимость; не обязательная программа грейда
93,51,Предлагаемая применимость; не обязательная программа грейда
93,52,Предлагаемая применимость; не обязательная программа грейда
93,53,Предлагаемая применимость; не обязательная программа грейда
93,54,Предлагаемая применимость; не обязательная программа грейда
94,11,Предлагаемая применимость; не обязательная программа грейда
94,12,Предлагаемая применимость; не обязательная программа грейда
94,13,Предлагаемая применимость; не обязательная программа грейда
94,14,Предлагаемая применимость; не обязательная программа грейда
94,15,Предлагаемая применимость; не обязательная программа грейда
94,51,Предлагаемая применимость; не обязательная программа грейда
94,52,Предлагаемая применимость; не обязательная программа грейда
94,53,Предлагаемая применимость; не обязательная программа грейда
94,54,Предлагаемая применимость; не обязательная программа грейда
95,26,Предлагаемая применимость; не обязательная программа грейда
95,27,Предлагаемая применимость; не обязательная программа грейда
95,28,Предлагаемая применимость; не обязательная программа грейда
95,29,Предлагаемая применимость; не обязательная программа грейда
95,30,Предлагаемая применимость; не обязательная программа грейда
95,59,Предлагаемая применимость; не обязательная программа грейда
95,60,Предлагаемая применимость; не обязательная программа грейда
95,61,Предлагаемая применимость; не обязательная программа грейда
96,26,Предлагаемая применимость; не обязательная программа грейда
96,27,Предлагаемая применимость; не обязательная программа грейда
96,28,Предлагаемая применимость; не обязательная программа грейда
96,29,Предлагаемая применимость; не обязательная программа грейда
96,30,Предлагаемая применимость; не обязательная программа грейда
96,59,Предлагаемая применимость; не обязательная программа грейда
96,60,Предлагаемая применимость; не обязательная программа грейда
96,61,Предлагаемая применимость; не обязательная программа грейда
97,26,Предлагаемая применимость; не обязательная программа грейда
97,27,Предлагаемая применимость; не обязательная программа грейда
97,28,Предлагаемая применимость; не обязательная программа грейда
97,29,Предлагаемая применимость; не обязательная программа грейда
97,30,Предлагаемая применимость; не обязательная программа грейда
97,59,Предлагаемая применимость; не обязательная программа грейда
97,60,Предлагаемая применимость; не обязательная программа грейда
97,61,Предлагаемая применимость; не обязательная программа грейда
98,26,Предлагаемая применимость; не обязательная программа грейда
98,27,Предлагаемая применимость; не обязательная программа грейда
98,28,Предлагаемая применимость; не обязательная программа грейда
98,29,Предлагаемая применимость; не обязательная программа грейда
98,30,Предлагаемая применимость; не обязательная программа грейда
98,59,Предлагаемая применимость; не обязательная программа грейда
98,60,Предлагаемая применимость; не обязательная программа грейда
98,61,Предлагаемая применимость; не обязательная программа грейда
99,26,Предлагаемая применимость; не обязательная программа грейда
99,27,Предлагаемая применимость; не обязательная программа грейда
99,28,Предлагаемая применимость; не обязательная программа грейда
99,29,Предлагаемая применимость; не обязательная программа грейда
99,30,Предлагаемая применимость; не обязательная программа грейда
99,59,Предлагаемая применимость; не обязательная программа грейда
99,60,Предлагаемая применимость; не обязательная программа грейда
99,61,Предлагаемая применимость; не обязательная программа грейда
100,26,Предлагаемая применимость; не обязательная программа грейда
100,27,Предлагаемая применимость; не обязательная программа грейда
100,28,Предлагаемая применимость; не обязательная программа грейда
100,29,Предлагаемая применимость; не обязательная программа грейда
100,30,Предлагаемая применимость; не обязательная программа грейда
100,59,Предлагаемая применимость; не обязательная программа грейда
100,60,Предлагаемая применимость; не обязательная программа грейда
100,61,Предлагаемая применимость; не обязательная программа грейда
100,62,Предлагаемая применимость; не обязательная программа грейда
100,63,Предлагаемая применимость; не обязательная программа грейда
100,64,Предлагаемая применимость; не обязательная программа грейда
100,65,Предлагаемая применимость; не обязательная программа грейда
101,26,Предлагаемая применимость; не обязательная программа грейда
101,27,Предлагаемая применимость; не обязательная программа грейда
101,28,Предлагаемая применимость; не обязательная программа грейда
101,29,Предлагаемая применимость; не обязательная программа грейда
101,30,Предлагаемая применимость; не обязательная программа грейда
101,59,Предлагаемая применимость; не обязательная программа грейда
101,60,Предлагаемая применимость; не обязательная программа грейда
101,61,Предлагаемая применимость; не обязательная программа грейда
101,62,Предлагаемая применимость; не обязательная программа грейда
101,63,Предлагаемая применимость; не обязательная программа грейда
101,64,Предлагаемая применимость; не обязательная программа грейда
101,65,Предлагаемая применимость; не обязательная программа грейда
102,26,Предлагаемая применимость; не обязательная программа грейда
102,27,Предлагаемая применимость; не обязательная программа грейда
102,28,Предлагаемая применимость; не обязательная программа грейда
102,29,Предлагаемая применимость; не обязательная программа грейда
102,30,Предлагаемая применимость; не обязательная программа грейда
102,59,Предлагаемая применимость; не обязательная программа грейда
102,60,Предлагаемая применимость; не обязательная программа грейда
102,61,Предлагаемая применимость; не обязательная программа грейда
102,62,Предлагаемая применимость; не обязательная программа грейда
102,63,Предлагаемая применимость; не обязательная программа грейда
102,64,Предлагаемая применимость; не обязательная программа грейда
102,65,Предлагаемая применимость; не обязательная программа грейда
103,26,Предлагаемая применимость; не обязательная программа грейда
103,27,Предлагаемая применимость; не обязательная программа грейда
103,28,Предлагаемая применимость; не обязательная программа грейда
103,29,Предлагаемая применимость; не обязательная программа грейда
103,30,Предлагаемая применимость; не обязательная программа грейда
103,59,Предлагаемая применимость; не обязательная программа грейда
103,60,Предлагаемая применимость; не обязательная программа грейда
103,61,Предлагаемая применимость; не обязательная программа грейда
103,62,Предлагаемая применимость; не обязательная программа грейда
103,63,Предлагаемая применимость; не обязательная программа грейда
103,64,Предлагаемая применимость; не обязательная программа грейда
103,65,Предлагаемая применимость; не обязательная программа грейда
104,26,Предлагаемая применимость; не обязательная программа грейда
104,27,Предлагаемая применимость; не обязательная программа грейда
104,28,Предлагаемая применимость; не обязательная программа грейда
104,29,Предлагаемая применимость; не обязательная программа грейда
104,30,Предлагаемая применимость; не обязательная программа грейда
104,59,Предлагаемая применимость; не обязательная программа грейда
104,60,Предлагаемая применимость; не обязательная программа грейда
104,61,Предлагаемая применимость; не обязательная программа грейда
104,62,Предлагаемая применимость; не обязательная программа грейда
104,63,Предлагаемая применимость; не обязательная программа грейда
104,64,Предлагаемая применимость; не обязательная программа грейда
104,65,Предлагаемая применимость; не обязательная программа грейда
105,26,Предлагаемая применимость; не обязательная программа грейда
105,27,Предлагаемая применимость; не обязательная программа грейда
105,28,Предлагаемая применимость; не обязательная программа грейда
105,29,Предлагаемая применимость; не обязательная программа грейда
105,30,Предлагаемая применимость; не обязательная программа грейда
105,59,Предлагаемая применимость; не обязательная программа грейда
105,60,Предлагаемая применимость; не обязательная программа грейда
105,61,Предлагаемая применимость; не обязательная программа грейда
105,62,Предлагаемая применимость; не обязательная программа грейда
105,63,Предлагаемая применимость; не обязательная программа грейда
105,64,Предлагаемая применимость; не обязательная программа грейда
105,65,Предлагаемая применимость; не обязательная программа грейда
106,26,Предлагаемая применимость; не обязательная программа грейда
106,27,Предлагаемая применимость; не обязательная программа грейда
106,28,Предлагаемая применимость; не обязательная программа грейда
106,29,Предлагаемая применимость; не обязательная программа грейда
106,30,Предлагаемая применимость; не обязательная программа грейда
106,59,Предлагаемая применимость; не обязательная программа грейда
106,60,Предлагаемая применимость; не обязательная программа грейда
106,61,Предлагаемая применимость; не обязательная программа грейда
106,62,Предлагаемая применимость; не обязательная программа грейда
106,63,Предлагаемая применимость; не обязательная программа грейда
106,64,Предлагаемая применимость; не обязательная программа грейда
106,65,Предлагаемая применимость; не обязательная программа грейда
107,47,Предлагаемая применимость; не обязательная программа грейда
107,48,Предлагаемая применимость; не обязательная программа грейда
107,49,Предлагаемая применимость; не обязательная программа грейда
107,50,Предлагаемая применимость; не обязательная программа грейда
107,62,Предлагаемая применимость; не обязательная программа грейда
107,63,Предлагаемая применимость; не обязательная программа грейда
107,64,Предлагаемая применимость; не обязательная программа грейда
107,65,Предлагаемая применимость; не обязательная программа грейда
108,47,Предлагаемая применимость; не обязательная программа грейда
108,48,Предлагаемая применимость; не обязательная программа грейда
108,49,Предлагаемая применимость; не обязательная программа грейда
108,50,Предлагаемая применимость; не обязательная программа грейда
108,62,Предлагаемая применимость; не обязательная программа грейда
108,63,Предлагаемая применимость; не обязательная программа грейда
108,64,Предлагаемая применимость; не обязательная программа грейда
108,65,Предлагаемая применимость; не обязательная программа грейда
109,47,Предлагаемая применимость; не обязательная программа грейда
109,48,Предлагаемая применимость; не обязательная программа грейда
109,49,Предлагаемая применимость; не обязательная программа грейда
109,50,Предлагаемая применимость; не обязательная программа грейда
109,62,Предлагаемая применимость; не обязательная программа грейда
109,63,Предлагаемая применимость; не обязательная программа грейда
109,64,Предлагаемая применимость; не обязательная программа грейда
109,65,Предлагаемая применимость; не обязательная программа грейда
110,47,Предлагаемая применимость; не обязательная программа грейда
110,48,Предлагаемая применимость; не обязательная программа грейда
110,49,Предлагаемая применимость; не обязательная программа грейда
110,50,Предлагаемая применимость; не обязательная программа грейда
110,62,Предлагаемая применимость; не обязательная программа грейда
110,63,Предлагаемая применимость; не обязательная программа грейда
110,64,Предлагаемая применимость; не обязательная программа грейда
110,65,Предлагаемая применимость; не обязательная программа грейда
111,47,Предлагаемая применимость; не обязательная программа грейда
111,48,Предлагаемая применимость; не обязательная программа грейда
111,49,Предлагаемая применимость; не обязательная программа грейда
111,50,Предлагаемая применимость; не обязательная программа грейда
111,62,Предлагаемая применимость; не обязательная программа грейда
111,63,Предлагаемая применимость; не обязательная программа грейда
111,64,Предлагаемая применимость; не обязательная программа грейда
111,65,Предлагаемая применимость; не обязательная программа грейда
112,47,Предлагаемая применимость; не обязательная программа грейда
112,48,Предлагаемая применимость; не обязательная программа грейда
112,49,Предлагаемая применимость; не обязательная программа грейда
112,50,Предлагаемая применимость; не обязательная программа грейда
112,62,Предлагаемая применимость; не обязательная программа грейда
112,63,Предлагаемая применимость; не обязательная программа грейда
112,64,Предлагаемая применимость; не обязательная программа грейда
112,65,Предлагаемая применимость; не обязательная программа грейда
113,59,Предлагаемая применимость; не обязательная программа грейда
113,60,Предлагаемая применимость; не обязательная программа грейда
113,61,Предлагаемая применимость; не обязательная программа грейда
113,62,Предлагаемая применимость; не обязательная программа грейда
113,63,Предлагаемая применимость; не обязательная программа грейда
113,64,Предлагаемая применимость; не обязательная программа грейда
113,65,Предлагаемая применимость; не обязательная программа грейда
114,59,Предлагаемая применимость; не обязательная программа грейда
114,60,Предлагаемая применимость; не обязательная программа грейда
114,61,Предлагаемая применимость; не обязательная программа грейда
114,62,Предлагаемая применимость; не обязательная программа грейда
114,63,Предлагаемая применимость; не обязательная программа грейда
114,64,Предлагаемая применимость; не обязательная программа грейда
114,65,Предлагаемая применимость; не обязательная программа грейда
115,59,Предлагаемая применимость; не обязательная программа грейда
115,60,Предлагаемая применимость; не обязательная программа грейда
115,61,Предлагаемая применимость; не обязательная программа грейда
115,62,Предлагаемая применимость; не обязательная программа грейда
115,63,Предлагаемая применимость; не обязательная программа грейда
115,64,Предлагаемая применимость; не обязательная программа грейда
115,65,Предлагаемая применимость; не обязательная программа грейда
116,59,Предлагаемая применимость; не обязательная программа грейда
116,60,Предлагаемая применимость; не обязательная программа грейда
116,61,Предлагаемая применимость; не обязательная программа грейда
116,62,Предлагаемая применимость; не обязательная программа грейда
116,63,Предлагаемая применимость; не обязательная программа грейда
116,64,Предлагаемая применимость; не обязательная программа грейда
116,65,Предлагаемая применимость; не обязательная программа грейда
117,59,Предлагаемая применимость; не обязательная программа грейда
117,60,Предлагаемая применимость; не обязательная программа грейда
117,61,Предлагаемая применимость; не обязательная программа грейда
117,62,Предлагаемая применимость; не обязательная программа грейда
117,63,Предлагаемая применимость; не обязательная программа грейда
117,64,Предлагаемая применимость; не обязательная программа грейда
117,65,Предлагаемая применимость; не обязательная программа грейда
118,34,Предлагаемая применимость; не обязательная программа грейда
118,35,Предлагаемая применимость; не обязательная программа грейда
118,36,Предлагаемая применимость; не обязательная программа грейда
118,37,Предлагаемая применимость; не обязательная программа грейда
118,47,Предлагаемая применимость; не обязательная программа грейда
118,48,Предлагаемая применимость; не обязательная программа грейда
118,49,Предлагаемая применимость; не обязательная программа грейда
118,50,Предлагаемая применимость; не обязательная программа грейда
118,62,Предлагаемая применимость; не обязательная программа грейда
118,63,Предлагаемая применимость; не обязательная программа грейда
118,64,Предлагаемая применимость; не обязательная программа грейда
118,65,Предлагаемая применимость; не обязательная программа грейда
119,34,Предлагаемая применимость; не обязательная программа грейда
119,35,Предлагаемая применимость; не обязательная программа грейда
119,36,Предлагаемая применимость; не обязательная программа грейда
119,37,Предлагаемая применимость; не обязательная программа грейда
119,47,Предлагаемая применимость; не обязательная программа грейда
119,48,Предлагаемая применимость; не обязательная программа грейда
119,49,Предлагаемая применимость; не обязательная программа грейда
119,50,Предлагаемая применимость; не обязательная программа грейда
119,62,Предлагаемая применимость; не обязательная программа грейда
119,63,Предлагаемая применимость; не обязательная программа грейда
119,64,Предлагаемая применимость; не обязательная программа грейда
119,65,Предлагаемая применимость; не обязательная программа грейда
120,34,Предлагаемая применимость; не обязательная программа грейда
120,35,Предлагаемая применимость; не обязательная программа грейда
120,36,Предлагаемая применимость; не обязательная программа грейда
120,37,Предлагаемая применимость; не обязательная программа грейда
120,47,Предлагаемая применимость; не обязательная программа грейда
120,48,Предлагаемая применимость; не обязательная программа грейда
120,49,Предлагаемая применимость; не обязательная программа грейда
120,50,Предлагаемая применимость; не обязательная программа грейда
120,62,Предлагаемая применимость; не обязательная программа грейда
120,63,Предлагаемая применимость; не обязательная программа грейда
120,64,Предлагаемая применимость; не обязательная программа грейда
120,65,Предлагаемая применимость; не обязательная программа грейда
